Work_Order_ID,Program_Name,Platform,Production_Cell,Operation_Step,Component_Type,Supplier,Machine_ID,Machine_Status,Quality_Flag,Defect_Type,Inventory_Level,Reorder_Point,Supplier_Risk,Supplier_Lead_Time_Days,Single_Source_Supplier,Critical_Material_Flag,Cycle_Time_Hours,Queue_Time_Hours,Labor_Hours_Required,Workforce_Availability,Inspection_Backlog_Hours,First_Pass_Yield,Mission_Priority,Delivery_Deadline_Days,Recovery_Cost,Alternate_Route_Available,Alternate_Supplier_Available,Overtime_Available,Estimated_Delay_Hours,Contract_Delivery_Risk,Operational_Risk,Readiness_Impact,Risk_Level,Recovery_Confidence,Estimated_Recovery_Hours,Primary_Disruption,Recovery_Priority,Escalation_Required,Bottleneck_Severity
WO-10000,Tactical UAV Production,Radar System,Machining,Quality Inspection,Guidance Module,Orion Plating,M-03,Degraded,Pass,None,151,33,0.61,59,No,No,2.6,34.5,11.4,0.94,1.7,0.91,3,31,38076,No,No,Yes,27,Controlled,37.1,22.3,Moderate,0.49,21,Nominal,Routine,False,30.3
WO-10001,Mission Systems Upgrade,Radar System,Surface Treatment,Subsystem Integration,Power Unit,Summit Electronics,M-11,Operational,Pass,None,72,66,0.55,34,No,Yes,19.5,10.8,15.0,0.93,16.3,0.8,1,28,68910,Yes,Yes,Yes,29,Controlled,49.7,9.9,Moderate,0.85,18,Yield Loss,Routine,False,34.4
WO-10002,Radar Modernization,Avionics Kit,Inspection,Electronics Install,Thermal Shield,Summit Electronics,M-08,Degraded,Pass,None,122,39,0.26,54,No,Yes,3.2,16.2,21.8,0.95,25.0,0.9,2,12,67274,Yes,Yes,No,31,Controlled,38.8,15.5,Moderate,0.71,21,Nominal,Routine,False,31.8
WO-10003,Avionics Retrofit,Radar System,Systems Integration,Acceptance Test,Radar Housing,Orion Plating,M-18,Operational,Pass,None,5,71,0.39,6,No,Yes,6.7,22.0,19.4,0.71,7.0,0.94,1,16,72957,Yes,Yes,Yes,44,Controlled,64.2,12.8,Moderate,0.85,27,Material Shortage,Routine,False,47.4
WO-10004,Radar Modernization,UAV,Systems Integration,Material Prep,Actuator Assembly,Summit Electronics,M-03,Operational,Pass,None,176,59,0.6,27,No,No,21.2,5.6,4.0,0.92,8.4,0.87,1,8,37922,No,No,Yes,16,Controlled,35.2,7.0,Moderate,0.49,12,Nominal,Routine,False,22.3
WO-10005,Tactical UAV Production,Ground Vehicle,Final Assembly,Subsystem Integration,Guidance Module,Northline Components,M-20,Operational,Inspection Hold,Electrical,24,62,0.73,28,No,No,22.9,17.4,17.6,0.61,4.3,0.94,2,36,36068,Yes,No,No,69,Controlled,78.6,31.4,High,0.53,53,Quality / Inspection,Moderate,False,67.2
WO-10006,Radar Modernization,Radar System,Machining,Electronics Install,Radar Housing,Vector Metals,M-22,Degraded,Pass,None,83,73,0.35,52,Yes,Yes,21.4,29.6,3.7,0.74,6.3,0.86,1,37,25607,Yes,No,Yes,52,Controlled,63.4,12.7,Moderate,0.57,39,Supply Chain Constraint,Routine,False,50.7
WO-10007,Radar Modernization,Ground Vehicle,Surface Treatment,CNC Machining,Sensor Mount,AeroForge,M-13,Operational,Pass,None,8,34,0.13,14,No,No,12.2,12.1,11.8,0.97,17.6,0.79,3,10,66960,Yes,No,Yes,28,Controlled,45.4,27.2,Moderate,0.67,20,Material Shortage,Moderate,False,34.8
WO-10008,Radar Modernization,UAV,Avionics Assembly,Surface Finish,Navigation Board,Northline Components,M-21,Degraded,Pass,None,23,30,0.9,7,Yes,No,25.5,35.3,17.9,0.9,11.4,0.92,4,8,62388,Yes,No,Yes,63,Controlled,85.0,68.0,High,0.57,47,Supply Chain Constraint,High,False,72.6
WO-10009,Avionics Retrofit,Sensor Package,Machining,Quality Inspection,Guidance Module,Delta Circuits,M-02,Operational,Pass,None,30,33,0.23,27,No,No,10.5,14.3,15.6,0.8,9.5,0.97,5,23,58346,Yes,No,Yes,32,Controlled,40.7,40.7,Moderate,0.67,22,Material Shortage,Moderate,False,36.8
WO-10010,Avionics Retrofit,Ground Vehicle,Inspection,Final Assembly,Actuator Assembly,AeroForge,M-07,Operational,Inspection Hold,Surface Finish,11,35,0.33,32,Yes,No,4.5,26.4,3.2,0.96,12.7,0.91,5,10,60564,Yes,No,No,70,Controlled,74.1,74.1,High,0.43,56,Quality / Inspection,Critical,True,72.3
WO-10011,Radar Modernization,Sensor Package,Final Assembly,Subsystem Integration,Radar Housing,AeroForge,M-12,Operational,Inspection Hold,Dimensional,118,31,0.51,36,No,No,21.9,29.0,11.6,0.78,14.2,0.84,4,7,54788,No,Yes,No,50,Controlled,48.3,38.6,Moderate,0.53,38,Quality / Inspection,Moderate,False,47.6
WO-10012,Ground Sensor Platform,Radar System,Surface Treatment,Quality Inspection,Navigation Board,Orion Plating,M-18,Operational,Rework,Dimensional,152,43,0.26,22,Yes,No,13.4,14.4,16.5,0.89,19.0,0.91,1,28,37254,Yes,No,No,35,Controlled,44.1,8.8,Moderate,0.43,28,Supply Chain Constraint,Routine,False,34.7
WO-10013,Tactical UAV Production,Radar System,Surface Treatment,Final Assembly,Navigation Board,Northline Components,M-03,Operational,Scrap Risk,Electrical,27,26,0.11,42,No,No,9.7,17.0,10.6,0.83,18.7,0.91,3,7,30842,No,Yes,No,65,Elevated,46.0,31.7,Moderate,0.41,53,Quality / Inspection,Moderate,True,52.4
WO-10014,Mission Systems Upgrade,Sensor Package,Surface Treatment,Acceptance Test,Radar Housing,Northline Components,M-04,Operational,Pass,None,125,59,0.11,54,Yes,Yes,22.2,7.9,20.2,0.91,4.6,0.78,1,5,61948,No,Yes,No,25,Controlled,45.6,9.1,Moderate,0.43,20,Supply Chain Constraint,Routine,False,30.9
WO-10015,Ground Sensor Platform,Sensor Package,Surface Treatment,Final Assembly,Navigation Board,Summit Electronics,M-03,Degraded,Pass,None,147,65,0.12,51,Yes,Yes,15.1,27.1,14.4,0.96,6.5,0.9,1,11,3641,No,No,Yes,36,Controlled,47.7,9.5,Moderate,0.39,30,Supply Chain Constraint,Routine,False,36.7
WO-10016,Radar Modernization,UAV,Inspection,Subsystem Integration,Radar Housing,AeroForge,M-06,Operational,Pass,None,168,45,0.09,14,Yes,No,13.9,28.4,14.5,0.86,12.9,0.91,3,15,32831,No,No,No,20,Controlled,28.8,17.3,Low,0.25,18,Supply Chain Constraint,Routine,False,23.1
WO-10017,Avionics Retrofit,Ground Vehicle,Machining,Subsystem Integration,Actuator Assembly,Vector Metals,M-22,Operational,Pass,None,92,73,0.25,12,No,No,17.9,23.2,9.9,0.83,3.0,0.92,4,16,69233,Yes,Yes,Yes,11,Controlled,17.8,14.2,Low,0.85,7,Nominal,Routine,False,14.2
WO-10018,Tactical UAV Production,Radar System,Final Assembly,Subsystem Integration,Power Unit,Orion Plating,M-13,Operational,Pass,None,124,55,0.63,22,No,No,18.3,13.6,12.0,0.82,13.6,0.96,5,24,55670,No,Yes,No,20,Controlled,29.0,29.0,Low,0.53,15,Nominal,Moderate,False,25.0
WO-10019,Avionics Retrofit,UAV,Systems Integration,Material Prep,Radar Housing,AeroForge,M-20,Operational,Pass,None,160,28,0.45,20,Yes,Yes,21.3,1.5,18.5,0.9,8.0,0.84,2,28,50962,Yes,No,No,31,Controlled,53.4,21.4,Moderate,0.43,25,Supply Chain Constraint,Routine,False,38.5
WO-10020,Avionics Retrofit,Radar System,Inspection,Final Assembly,Actuator Assembly,AeroForge,M-17,Operational,Inspection Hold,Dimensional,176,57,0.05,42,No,Yes,6.3,30.3,21.8,0.86,26.8,0.92,2,30,12765,Yes,Yes,Yes,57,Controlled,47.4,19.0,Moderate,0.85,35,Quality / Inspection,Routine,False,47.5
WO-10021,Avionics Retrofit,Ground Vehicle,Systems Integration,Electronics Install,Navigation Board,AeroForge,M-08,Degraded,Rework,Dimensional,38,72,0.39,7,No,No,17.2,18.3,3.2,0.72,15.5,0.92,3,30,31993,No,Yes,Yes,61,Controlled,65.2,39.1,High,0.67,43,Material Shortage,Moderate,False,59.4
WO-10022,Ground Sensor Platform,Avionics Kit,Avionics Assembly,Surface Finish,Navigation Board,Summit Electronics,M-08,Degraded,Pass,None,94,59,0.65,51,No,No,24.1,12.9,11.7,0.83,4.4,0.86,5,41,48101,Yes,Yes,Yes,30,Controlled,38.5,38.5,Moderate,0.85,19,Nominal,Moderate,False,34.7
WO-10023,Ground Sensor Platform,Sensor Package,Final Assembly,Acceptance Test,Actuator Assembly,Vector Metals,M-10,Operational,Pass,None,61,53,0.35,5,No,No,27.5,22.7,11.3,0.83,13.8,0.93,2,43,47694,No,Yes,No,21,Controlled,28.4,11.4,Low,0.53,16,Nominal,Routine,False,22.5
WO-10024,Ground Sensor Platform,Sensor Package,Surface Treatment,Subsystem Integration,Navigation Board,Northline Components,M-10,Down,Pass,None,184,32,0.47,20,No,Yes,5.2,2.4,17.4,0.87,19.8,0.86,2,44,20038,No,Yes,Yes,62,Controlled,62.3,24.9,Moderate,0.67,43,Machine Downtime,Routine,True,56.6
WO-10025,Radar Modernization,Avionics Kit,Inspection,Electronics Install,Thermal Shield,Delta Circuits,M-01,Operational,Inspection Hold,Electrical,181,27,0.09,56,No,No,24.5,26.9,17.9,0.71,14.7,0.84,4,12,64714,Yes,No,Yes,45,Controlled,35.5,28.4,Moderate,0.67,31,Quality / Inspection,Moderate,False,38.7
WO-10026,Ground Sensor Platform,Ground Vehicle,Systems Integration,Quality Inspection,Navigation Board,Northline Components,M-16,Operational,Pass,None,81,67,0.46,47,No,No,12.3,10.6,19.7,0.7,3.4,0.87,5,21,54528,No,No,Yes,25,Controlled,30.8,30.8,Low,0.49,19,Nominal,Moderate,False,28.2
WO-10027,Avionics Retrofit,UAV,Surface Treatment,Material Prep,Power Unit,Delta Circuits,M-23,Degraded,Pass,None,140,54,0.3,32,No,Yes,11.5,3.4,5.6,0.75,11.3,0.89,5,39,27388,Yes,No,No,35,Controlled,37.8,37.8,Moderate,0.53,27,Nominal,Moderate,False,36.5
WO-10028,Mission Systems Upgrade,Radar System,Inspection,Surface Finish,Navigation Board,Vector Metals,M-06,Operational,Pass,None,169,70,0.26,59,No,No,9.8,9.4,8.1,0.74,27.5,0.78,4,5,43207,No,No,Yes,18,Controlled,26.8,21.4,Low,0.49,14,Yield Loss,Routine,False,22.0
WO-10029,Mission Systems Upgrade,Avionics Kit,Systems Integration,Subsystem Integration,Actuator Assembly,Delta Circuits,M-19,Degraded,Pass,None,54,64,0.36,14,Yes,No,26.8,18.9,10.4,0.66,17.4,0.84,3,15,5478,Yes,Yes,Yes,62,Controlled,75.8,45.5,High,0.75,41,Supply Chain Constraint,High,False,65.0
WO-10030,Ground Sensor Platform,Radar System,Systems Integration,Material Prep,Radar Housing,Summit Electronics,M-03,Operational,Pass,None,148,28,0.67,29,No,No,12.8,1.1,3.8,0.9,2.0,0.9,2,14,37988,Yes,Yes,No,17,Controlled,34.9,14.0,Low,0.71,12,Nominal,Routine,False,23.7
WO-10031,Radar Modernization,Radar System,Avionics Assembly,Surface Finish,Power Unit,Delta Circuits,M-22,Operational,Rework,Electrical,93,41,0.55,17,No,Yes,14.0,25.9,4.6,0.69,4.8,0.95,1,3,70134,Yes,Yes,Yes,40,Elevated,50.4,11.6,Moderate,0.85,25,Schedule Risk,Routine,False,39.9
WO-10032,Tactical UAV Production,UAV,Machining,Subsystem Integration,Guidance Module,Northline Components,M-16,Operational,Pass,None,162,39,0.44,51,Yes,No,24.2,9.9,20.3,0.85,6.4,0.98,1,18,55725,Yes,No,Yes,25,Controlled,40.5,8.1,Moderate,0.57,19,Supply Chain Constraint,Routine,False,28.7
WO-10033,Mission Systems Upgrade,Ground Vehicle,Inspection,Electronics Install,Actuator Assembly,Delta Circuits,M-19,Operational,Pass,None,19,61,0.06,24,Yes,No,20.4,26.9,8.0,0.95,21.9,0.75,4,9,51091,Yes,No,No,37,Controlled,56.5,45.2,Moderate,0.43,30,Supply Chain Constraint,High,False,46.0
WO-10034,Ground Sensor Platform,Avionics Kit,Final Assembly,Material Prep,Power Unit,Summit Electronics,M-14,Operational,Pass,None,113,53,0.68,54,No,No,9.1,2.8,13.7,0.69,11.0,0.95,1,3,6263,Yes,No,Yes,24,Controlled,38.8,7.8,Moderate,0.67,17,Nominal,Routine,False,27.5
WO-10035,Avionics Retrofit,UAV,Machining,Subsystem Integration,Power Unit,Vector Metals,M-18,Degraded,Pass,None,130,63,0.52,36,No,No,15.4,1.4,17.8,0.87,4.7,0.85,4,40,50162,No,Yes,No,27,Controlled,35.6,28.5,Moderate,0.53,21,Nominal,Moderate,False,30.7
WO-10036,Radar Modernization,Sensor Package,Final Assembly,CNC Machining,Navigation Board,Summit Electronics,M-23,Operational,Pass,None,173,42,0.6,30,No,No,15.4,27.0,16.5,0.83,9.8,0.84,4,40,53213,No,Yes,Yes,18,Controlled,32.9,26.3,Low,0.67,13,Nominal,Moderate,False,25.2
WO-10037,Avionics Retrofit,UAV,Surface Treatment,CNC Machining,Navigation Board,Summit Electronics,M-09,Degraded,Rework,Coating Defect,177,69,0.3,39,No,No,12.6,22.1,20.7,0.87,7.1,0.84,2,18,31072,Yes,Yes,No,36,Controlled,38.6,15.4,Moderate,0.71,24,Nominal,Routine,False,34.0
WO-10038,Tactical UAV Production,Avionics Kit,Avionics Assembly,Quality Inspection,Guidance Module,Delta Circuits,M-03,Degraded,Pass,None,113,69,0.52,31,Yes,No,14.2,10.1,2.4,0.81,15.5,0.9,2,31,38424,Yes,Yes,Yes,40,Controlled,52.0,20.8,Moderate,0.75,26,Supply Chain Constraint,Routine,False,41.9
WO-10039,Mission Systems Upgrade,Sensor Package,Inspection,Acceptance Test,Radar Housing,Summit Electronics,M-15,Degraded,Inspection Hold,Surface Finish,186,54,0.11,8,No,No,4.5,30.6,14.1,0.85,13.3,0.77,3,9,10233,Yes,No,Yes,53,Controlled,44.3,26.6,Moderate,0.67,37,Quality / Inspection,Moderate,False,45.6
WO-10040,Mission Systems Upgrade,Avionics Kit,Machining,Electronics Install,Radar Housing,Orion Plating,M-01,Operational,Pass,None,147,55,0.17,56,No,Yes,8.9,30.6,5.2,0.84,5.0,0.87,5,32,12221,No,Yes,Yes,18,Controlled,26.0,26.0,Low,0.67,13,Nominal,Moderate,False,22.4
WO-10041,Mission Systems Upgrade,Radar System,Surface Treatment,CNC Machining,Flight Control Bracket,AeroForge,M-01,Degraded,Pass,None,178,25,0.36,47,No,No,16.0,16.2,4.2,0.78,19.2,0.86,5,43,13136,Yes,Yes,Yes,30,Controlled,31.5,31.5,Low,0.85,19,Nominal,Moderate,False,30.8
WO-10042,Tactical UAV Production,Radar System,Surface Treatment,Material Prep,Guidance Module,Summit Electronics,M-01,Operational,Pass,None,64,28,0.3,30,No,Yes,27.7,29.6,16.7,0.87,6.4,0.94,4,17,43038,Yes,No,Yes,25,Controlled,32.1,25.7,Low,0.67,17,Nominal,Moderate,False,27.9
WO-10043,Ground Sensor Platform,Sensor Package,Systems Integration,Final Assembly,Guidance Module,Delta Circuits,M-22,Operational,Rework,Dimensional,58,56,0.25,35,No,Yes,13.9,5.5,4.6,0.83,8.3,0.96,5,30,25638,No,Yes,Yes,37,Controlled,35.2,35.2,Moderate,0.67,26,Nominal,Moderate,False,36.0
WO-10044,Tactical UAV Production,Ground Vehicle,Machining,Subsystem Integration,Navigation Board,Northline Components,M-08,Operational,Pass,None,21,58,0.57,37,No,No,21.5,35.7,12.4,0.9,3.7,0.97,1,33,29059,No,Yes,Yes,35,Controlled,56.5,11.3,Moderate,0.67,24,Material Shortage,Routine,False,40.0
WO-10045,Avionics Retrofit,Ground Vehicle,Final Assembly,Quality Inspection,Navigation Board,Delta Circuits,M-10,Operational,Pass,None,79,42,0.42,30,Yes,Yes,19.4,23.9,15.1,0.61,6.9,0.85,3,9,58915,No,Yes,Yes,44,Controlled,58.0,34.8,Moderate,0.57,33,Supply Chain Constraint,Moderate,False,48.2
WO-10046,Mission Systems Upgrade,Radar System,Systems Integration,Final Assembly,Guidance Module,Delta Circuits,M-07,Operational,Pass,None,174,70,0.37,57,No,No,17.9,9.9,14.3,0.74,17.6,0.88,3,21,52193,Yes,Yes,No,19,Controlled,28.0,16.8,Low,0.71,13,Nominal,Routine,False,22.3
WO-10047,Radar Modernization,Ground Vehicle,Final Assembly,CNC Machining,Navigation Board,Summit Electronics,M-20,Operational,Pass,None,163,52,0.47,29,No,Yes,25.7,33.3,18.8,0.89,11.9,0.93,4,12,57787,Yes,Yes,Yes,23,Controlled,35.4,28.3,Moderate,0.85,14,Nominal,Moderate,False,28.8
WO-10048,Radar Modernization,Radar System,Surface Treatment,Surface Finish,Sensor Mount,Northline Components,M-09,Operational,Rework,Foreign Object Debris,80,57,0.53,49,Yes,Yes,10.7,28.9,18.7,0.78,16.4,0.8,1,19,35168,Yes,Yes,Yes,54,Controlled,70.9,14.2,High,0.75,36,Supply Chain Constraint,Routine,False,54.8
WO-10049,Mission Systems Upgrade,Avionics Kit,Surface Treatment,Acceptance Test,Flight Control Bracket,Summit Electronics,M-15,Operational,Pass,None,17,54,0.24,48,No,No,4.9,30.1,5.1,0.86,12.8,0.87,2,31,60244,No,No,Yes,32,Controlled,48.9,19.6,Moderate,0.49,25,Material Shortage,Routine,False,36.9
WO-10050,Ground Sensor Platform,Sensor Package,Surface Treatment,Quality Inspection,Radar Housing,Summit Electronics,M-08,Operational,Pass,None,63,33,0.13,28,No,Yes,22.5,30.1,18.3,0.85,9.1,0.91,4,36,14635,No,Yes,No,23,Controlled,27.9,22.3,Low,0.53,18,Nominal,Routine,False,24.9
WO-10051,Avionics Retrofit,Radar System,Avionics Assembly,CNC Machining,Flight Control Bracket,Northline Components,M-07,Operational,Pass,None,17,36,0.61,5,No,Yes,19.0,29.8,4.9,0.72,14.2,0.93,3,25,35472,Yes,Yes,No,48,Controlled,69.0,41.4,High,0.71,33,Material Shortage,Moderate,False,55.4
WO-10052,Mission Systems Upgrade,Radar System,Systems Integration,Final Assembly,Guidance Module,Northline Components,M-13,Operational,Pass,None,143,40,0.38,25,Yes,No,5.1,4.0,5.1,0.7,15.2,0.88,4,44,64393,No,Yes,Yes,29,Controlled,40.3,32.2,Moderate,0.57,22,Supply Chain Constraint,Moderate,False,34.0
WO-10053,Mission Systems Upgrade,Avionics Kit,Systems Integration,Acceptance Test,Thermal Shield,Vector Metals,M-05,Operational,Inspection Hold,Dimensional,92,57,0.42,18,No,No,23.5,25.9,2.0,0.66,11.6,0.89,4,29,21363,Yes,No,No,50,Controlled,44.4,35.5,Moderate,0.53,38,Quality / Inspection,Moderate,False,45.6
WO-10054,Tactical UAV Production,Radar System,Systems Integration,Final Assembly,Flight Control Bracket,AeroForge,M-13,Operational,Pass,None,88,53,0.66,51,Yes,Yes,25.3,23.6,5.0,0.91,9.5,0.89,1,38,70326,Yes,Yes,Yes,40,Controlled,63.2,12.6,Moderate,0.75,26,Supply Chain Constraint,Routine,False,45.2
WO-10055,Radar Modernization,Sensor Package,Machining,Material Prep,Guidance Module,Summit Electronics,M-03,Operational,Pass,None,24,46,0.2,9,No,Yes,11.4,2.9,8.8,0.79,6.5,0.87,1,36,66906,No,Yes,Yes,38,Controlled,58.8,11.8,Moderate,0.67,27,Material Shortage,Routine,False,42.4
WO-10056,Avionics Retrofit,Sensor Package,Inspection,Electronics Install,Radar Housing,Delta Circuits,M-20,Operational,Pass,None,24,65,0.26,12,Yes,No,10.4,34.2,13.3,0.93,13.4,0.92,5,16,38651,Yes,No,Yes,40,Controlled,55.5,55.5,Moderate,0.57,30,Supply Chain Constraint,High,False,48.5
WO-10057,Ground Sensor Platform,Ground Vehicle,Machining,Electronics Install,Guidance Module,Northline Components,M-08,Operational,Pass,None,186,30,0.58,6,No,No,13.2,23.2,20.5,0.98,4.5,0.89,3,14,35200,Yes,Yes,Yes,14,Controlled,30.0,18.0,Low,0.85,9,Nominal,Routine,False,21.0
WO-10058,Radar Modernization,Radar System,Surface Treatment,Acceptance Test,Flight Control Bracket,AeroForge,M-09,Operational,Pass,None,61,33,0.46,58,Yes,No,21.6,10.0,18.4,0.98,13.6,0.89,2,44,6311,No,Yes,No,29,Controlled,44.8,17.9,Moderate,0.43,23,Supply Chain Constraint,Routine,False,33.7
WO-10059,Mission Systems Upgrade,UAV,Surface Treatment,Subsystem Integration,Radar Housing,Summit Electronics,M-16,Operational,Pass,None,20,26,0.47,13,No,No,2.1,28.5,8.3,0.97,10.0,0.88,5,5,22099,Yes,No,Yes,33,Controlled,50.1,50.1,Moderate,0.67,23,Material Shortage,High,False,42.4
WO-10060,Radar Modernization,Avionics Kit,Final Assembly,Material Prep,Navigation Board,Orion Plating,M-20,Operational,Pass,None,177,54,0.68,36,Yes,No,14.5,20.8,21.6,0.78,8.1,0.88,2,8,32777,Yes,No,No,31,Controlled,51.6,20.6,Moderate,0.43,25,Supply Chain Constraint,Routine,False,37.7
WO-10061,Ground Sensor Platform,Radar System,Surface Treatment,Quality Inspection,Thermal Shield,AeroForge,M-01,Operational,Pass,None,98,48,0.45,36,No,No,18.1,2.4,11.0,0.88,7.4,0.8,1,27,16164,Yes,Yes,No,14,Controlled,33.0,6.6,Low,0.71,10,Yield Loss,Routine,False,20.5
WO-10062,Radar Modernization,Avionics Kit,Systems Integration,Electronics Install,Navigation Board,Delta Circuits,M-02,Operational,Pass,None,188,68,0.63,24,No,Yes,15.9,35.8,21.2,0.66,13.3,0.87,3,24,67966,Yes,No,No,31,Controlled,47.2,28.3,Moderate,0.53,24,Labor Constraint,Moderate,False,37.1
WO-10063,Radar Modernization,UAV,Final Assembly,Material Prep,Thermal Shield,Summit Electronics,M-04,Operational,Pass,None,17,70,0.51,43,No,Yes,27.2,11.9,5.4,0.69,14.6,0.83,2,31,65379,No,No,No,47,Controlled,71.0,28.4,High,0.35,40,Material Shortage,Moderate,False,53.8
WO-10064,Mission Systems Upgrade,Sensor Package,Systems Integration,CNC Machining,Navigation Board,Orion Plating,M-07,Operational,Rework,Surface Finish,105,73,0.83,54,No,No,13.9,14.5,8.9,0.76,3.4,0.83,3,35,55024,No,No,Yes,35,Controlled,49.6,29.8,Moderate,0.49,27,Supply Chain Constraint,Moderate,False,40.1
WO-10065,Avionics Retrofit,Avionics Kit,Avionics Assembly,CNC Machining,Flight Control Bracket,Summit Electronics,M-19,Operational,Pass,None,45,58,0.94,56,Yes,Yes,6.0,3.2,5.5,0.84,14.9,0.89,4,29,60237,No,No,No,60,Controlled,91.4,73.1,High,0.25,53,Supply Chain Constraint,Critical,True,74.5
WO-10066,Tactical UAV Production,Radar System,Final Assembly,Material Prep,Radar Housing,Vector Metals,M-06,Operational,Inspection Hold,Surface Finish,119,72,0.41,22,No,Yes,10.3,23.9,15.3,0.73,5.7,0.93,4,40,14743,No,Yes,Yes,50,Controlled,48.8,39.0,Moderate,0.67,35,Quality / Inspection,Moderate,False,47.9
WO-10067,Avionics Retrofit,Ground Vehicle,Systems Integration,Material Prep,Power Unit,Summit Electronics,M-11,Down,Pass,None,23,49,0.54,55,Yes,No,7.9,23.3,2.5,0.93,9.5,0.95,3,14,36978,Yes,No,Yes,82,Controlled,87.3,52.4,High,0.57,61,Machine Downtime,High,True,79.7
WO-10068,Avionics Retrofit,Ground Vehicle,Machining,Quality Inspection,Guidance Module,Summit Electronics,M-18,Operational,Rework,Coating Defect,121,46,0.47,41,No,No,13.1,29.4,11.9,0.93,5.1,0.87,3,34,27851,Yes,No,No,26,Controlled,34.6,20.8,Low,0.53,20,Nominal,Routine,False,28.7
WO-10069,Ground Sensor Platform,Radar System,Systems Integration,Subsystem Integration,Radar Housing,AeroForge,M-22,Operational,Inspection Hold,Dimensional,57,34,0.42,23,No,No,20.4,7.1,8.8,0.79,4.4,0.86,3,13,24854,Yes,No,No,46,Controlled,44.8,26.9,Moderate,0.53,35,Quality / Inspection,Moderate,False,42.7
WO-10070,Avionics Retrofit,Ground Vehicle,Surface Treatment,CNC Machining,Thermal Shield,Northline Components,M-18,Degraded,Pass,None,43,47,0.51,20,No,Yes,14.2,14.7,6.4,0.94,9.0,0.83,2,18,11989,Yes,Yes,Yes,52,Controlled,73.8,29.5,High,0.85,32,Material Shortage,Moderate,False,57.3
WO-10071,Avionics Retrofit,Sensor Package,Avionics Assembly,Material Prep,Navigation Board,Vector Metals,M-12,Operational,Pass,None,9,68,0.95,30,No,No,22.6,17.1,3.2,0.68,9.2,0.88,4,23,32033,Yes,No,No,46,Controlled,70.3,56.2,High,0.53,35,Supply Chain Constraint,High,False,57.2
WO-10072,Ground Sensor Platform,Radar System,Systems Integration,CNC Machining,Thermal Shield,AeroForge,M-20,Down,Pass,None,128,68,0.78,13,No,Yes,17.8,33.9,8.6,0.81,6.7,0.85,2,12,16650,Yes,No,Yes,66,Controlled,72.3,28.9,High,0.67,46,Machine Downtime,Moderate,True,63.0
WO-10073,Ground Sensor Platform,Sensor Package,Machining,CNC Machining,Actuator Assembly,Delta Circuits,M-06,Operational,Rework,Dimensional,155,71,0.18,55,No,No,8.1,10.7,21.3,0.79,4.9,0.9,4,13,58731,No,Yes,No,24,Controlled,24.0,19.2,Low,0.53,18,Nominal,Routine,False,23.3
WO-10074,Ground Sensor Platform,Sensor Package,Surface Treatment,Material Prep,Power Unit,Northline Components,M-09,Operational,Pass,None,188,35,0.36,16,No,Yes,12.3,27.1,9.1,0.8,7.1,0.85,3,23,56226,No,No,No,22,Controlled,36.5,21.9,Moderate,0.35,19,Nominal,Routine,False,27.8
WO-10075,Mission Systems Upgrade,Sensor Package,Systems Integration,Electronics Install,Guidance Module,Summit Electronics,M-02,Operational,Pass,None,50,29,0.31,46,No,Yes,6.8,17.2,7.4,0.88,16.5,0.94,4,14,46098,Yes,Yes,No,26,Controlled,32.8,26.2,Low,0.71,18,Nominal,Moderate,False,28.8
WO-10076,Radar Modernization,Avionics Kit,Avionics Assembly,CNC Machining,Sensor Mount,Summit Electronics,M-15,Operational,Pass,None,78,29,0.73,13,No,Yes,25.9,30.8,18.9,0.74,3.7,0.94,3,15,9674,No,Yes,No,36,Controlled,49.9,29.9,Moderate,0.53,27,Nominal,Moderate,False,40.6
WO-10077,Tactical UAV Production,Sensor Package,Avionics Assembly,Acceptance Test,Sensor Mount,AeroForge,M-21,Operational,Inspection Hold,Foreign Object Debris,187,62,0.84,13,No,Yes,8.2,18.6,11.9,0.84,8.1,0.93,4,43,68703,Yes,No,Yes,55,Controlled,61.9,49.5,Moderate,0.67,38,Quality / Inspection,High,False,56.9
WO-10078,Ground Sensor Platform,UAV,Inspection,Surface Finish,Thermal Shield,Vector Metals,M-23,Operational,Pass,None,155,70,0.44,26,No,No,27.7,4.3,10.0,0.95,15.7,0.88,2,28,30251,No,No,Yes,13,Controlled,27.9,11.2,Low,0.49,10,Nominal,Routine,False,18.7
WO-10079,Radar Modernization,Radar System,Surface Treatment,Subsystem Integration,Flight Control Bracket,Northline Components,M-22,Operational,Rework,Surface Finish,158,47,0.46,17,No,No,3.4,13.2,19.2,0.76,10.3,0.94,5,5,28587,Yes,No,No,30,Controlled,31.1,31.1,Low,0.53,23,Nominal,Moderate,False,30.6
WO-10080,Radar Modernization,Radar System,Final Assembly,Subsystem Integration,Power Unit,Vector Metals,M-18,Operational,Inspection Hold,Foreign Object Debris,152,36,0.21,23,No,No,21.3,19.6,11.3,0.73,10.7,0.85,5,3,66884,No,Yes,Yes,43,Elevated,35.4,40.7,Moderate,0.67,30,Quality / Inspection,Moderate,False,39.6
WO-10081,Radar Modernization,Avionics Kit,Systems Integration,CNC Machining,Navigation Board,Orion Plating,M-22,Operational,Pass,None,158,33,0.38,12,Yes,Yes,27.7,3.6,4.2,0.89,11.3,0.94,1,4,48241,No,No,Yes,31,Controlled,49.8,10.0,Moderate,0.39,26,Supply Chain Constraint,Routine,False,35.4
WO-10082,Avionics Retrofit,Ground Vehicle,Machining,Quality Inspection,Flight Control Bracket,Delta Circuits,M-11,Operational,Pass,None,82,64,0.24,28,Yes,No,10.6,25.0,19.1,0.74,7.9,0.88,1,34,18205,No,No,Yes,31,Controlled,42.5,8.5,Moderate,0.39,26,Supply Chain Constraint,Routine,False,32.2
WO-10083,Radar Modernization,Radar System,Surface Treatment,Surface Finish,Power Unit,Delta Circuits,M-15,Operational,Pass,None,33,56,0.17,23,No,No,3.9,16.6,9.9,0.77,7.6,0.85,4,37,56360,Yes,No,Yes,32,Controlled,44.9,35.9,Moderate,0.67,22,Material Shortage,Moderate,False,37.7
WO-10084,Avionics Retrofit,Ground Vehicle,Inspection,Electronics Install,Radar Housing,Northline Components,M-17,Operational,Inspection Hold,Coating Defect,176,72,0.29,34,No,Yes,15.4,17.9,20.4,0.84,19.4,0.91,3,21,45200,Yes,Yes,Yes,56,Controlled,51.4,30.8,Moderate,0.85,35,Quality / Inspection,Moderate,False,50.4
WO-10085,Tactical UAV Production,Radar System,Surface Treatment,Final Assembly,Power Unit,Orion Plating,M-17,Operational,Pass,None,10,73,0.57,13,Yes,No,10.5,23.5,10.0,0.94,7.7,0.93,5,24,13839,No,No,Yes,44,Controlled,64.8,64.8,Moderate,0.39,36,Supply Chain Constraint,High,False,55.4
WO-10086,Ground Sensor Platform,Radar System,Machining,Surface Finish,Actuator Assembly,Delta Circuits,M-15,Down,Pass,None,112,25,0.39,59,No,No,26.3,8.1,12.3,0.95,3.7,0.9,2,44,35050,No,No,Yes,49,Controlled,45.8,18.3,Moderate,0.49,38,Machine Downtime,Routine,True,43.1
WO-10087,Mission Systems Upgrade,Sensor Package,Avionics Assembly,Subsystem Integration,Radar Housing,Northline Components,M-05,Operational,Pass,None,98,45,0.8,27,No,Yes,5.3,7.6,18.9,0.8,6.0,0.92,5,26,15321,Yes,Yes,Yes,29,Controlled,45.4,45.4,Moderate,0.85,18,Supply Chain Constraint,High,False,38.0
WO-10088,Tactical UAV Production,Sensor Package,Surface Treatment,Material Prep,Radar Housing,AeroForge,M-22,Operational,Pass,None,112,26,0.18,51,No,No,13.5,3.5,18.0,0.97,4.2,0.81,3,40,26942,Yes,Yes,Yes,8,Controlled,19.9,11.9,Low,0.85,5,Yield Loss,Routine,False,13.3
WO-10089,Tactical UAV Production,Ground Vehicle,Surface Treatment,Acceptance Test,Navigation Board,Summit Electronics,M-12,Operational,Rework,Electrical,175,48,0.28,45,Yes,Yes,20.5,1.6,10.5,0.91,13.8,0.91,2,24,61262,No,Yes,Yes,40,Controlled,51.9,20.8,Moderate,0.57,30,Supply Chain Constraint,Routine,False,41.9
WO-10090,Ground Sensor Platform,Radar System,Systems Integration,CNC Machining,Radar Housing,Summit Electronics,M-06,Operational,Pass,None,35,45,0.36,12,No,Yes,26.2,1.6,20.5,0.93,2.2,0.93,5,33,72839,No,No,Yes,37,Controlled,53.9,53.9,Moderate,0.49,29,Material Shortage,High,False,46.3
WO-10091,Tactical UAV Production,Avionics Kit,Surface Treatment,Material Prep,Power Unit,Summit Electronics,M-15,Operational,Pass,None,123,53,0.18,41,Yes,No,24.1,17.5,12.0,0.83,19.5,0.9,4,3,29251,Yes,Yes,Yes,23,Controlled,31.5,25.2,Low,0.75,15,Supply Chain Constraint,Moderate,False,26.7
WO-10092,Ground Sensor Platform,UAV,Final Assembly,CNC Machining,Navigation Board,Summit Electronics,M-16,Degraded,Inspection Hold,Electrical,74,64,0.54,18,No,Yes,20.0,35.6,4.6,0.63,11.1,0.87,2,5,32598,No,Yes,Yes,77,Elevated,71.9,33.1,High,0.67,54,Quality / Inspection,Moderate,False,68.4
WO-10093,Ground Sensor Platform,Ground Vehicle,Systems Integration,Surface Finish,Thermal Shield,AeroForge,M-11,Down,Rework,Electrical,51,57,0.32,24,No,Yes,6.0,25.1,2.5,0.73,4.2,0.89,5,31,32540,Yes,Yes,Yes,92,Controlled,84.6,84.6,High,0.85,57,Machine Downtime,Critical,True,87.9
WO-10094,Radar Modernization,Radar System,Final Assembly,Surface Finish,Actuator Assembly,Orion Plating,M-03,Operational,Pass,None,88,37,0.45,22,No,No,15.8,21.8,1.9,0.75,7.1,0.88,2,33,9770,No,No,Yes,23,Controlled,33.7,13.5,Low,0.49,18,Nominal,Routine,False,25.9
WO-10095,Radar Modernization,Sensor Package,Avionics Assembly,Acceptance Test,Flight Control Bracket,Orion Plating,M-19,Operational,Pass,None,54,71,0.94,45,No,No,5.8,12.8,21.7,0.68,8.9,0.93,1,24,25982,Yes,No,Yes,46,Controlled,72.8,14.6,High,0.67,32,Supply Chain Constraint,Routine,False,52.0
WO-10096,Radar Modernization,UAV,Avionics Assembly,Quality Inspection,Navigation Board,Summit Electronics,M-07,Operational,Pass,None,13,29,0.6,5,No,No,8.7,18.7,19.1,0.81,6.6,0.94,5,39,30766,Yes,No,Yes,38,Controlled,53.9,53.9,Moderate,0.67,27,Material Shortage,High,False,46.7
WO-10097,Tactical UAV Production,UAV,Surface Treatment,Electronics Install,Sensor Mount,Northline Components,M-05,Degraded,Pass,None,90,34,0.44,25,No,Yes,20.6,17.3,8.9,0.96,13.2,0.82,2,4,67756,Yes,Yes,Yes,32,Controlled,46.5,18.6,Moderate,0.85,20,Nominal,Routine,False,35.8
WO-10098,Mission Systems Upgrade,Radar System,Inspection,Quality Inspection,Actuator Assembly,Vector Metals,M-04,Operational,Pass,None,172,71,0.29,13,No,No,10.9,6.7,12.1,0.85,13.6,0.84,4,17,3524,No,Yes,Yes,14,Controlled,23.3,18.6,Low,0.67,10,Nominal,Routine,False,18.4
WO-10099,Ground Sensor Platform,Radar System,Machining,Surface Finish,Flight Control Bracket,Orion Plating,M-01,Operational,Pass,None,55,34,0.31,28,No,Yes,4.3,1.9,5.6,0.93,9.9,0.97,2,4,39055,Yes,Yes,No,24,Controlled,33.7,13.5,Low,0.71,16,Nominal,Routine,False,26.3
WO-10100,Mission Systems Upgrade,Ground Vehicle,Surface Treatment,Acceptance Test,Guidance Module,Vector Metals,M-03,Degraded,Rework,Foreign Object Debris,146,63,0.56,21,Yes,No,22.0,4.3,15.0,0.76,16.3,0.92,5,28,40157,Yes,Yes,Yes,54,Controlled,55.4,55.4,Moderate,0.75,36,Supply Chain Constraint,High,False,54.8
WO-10101,Mission Systems Upgrade,Sensor Package,Avionics Assembly,Electronics Install,Sensor Mount,Delta Circuits,M-23,Operational,Pass,None,77,27,0.51,53,No,No,10.5,18.6,10.1,0.75,9.5,0.82,4,17,46607,Yes,No,Yes,24,Controlled,34.7,27.8,Low,0.67,17,Nominal,Moderate,False,28.8
WO-10102,Tactical UAV Production,Sensor Package,Surface Treatment,Electronics Install,Navigation Board,Northline Components,M-20,Operational,Scrap Risk,Electrical,176,51,0.18,17,No,Yes,26.2,5.0,13.1,0.93,4.9,0.88,5,10,61652,Yes,No,Yes,55,Controlled,46.3,46.3,Moderate,0.55,41,Quality / Inspection,High,True,50.2
WO-10103,Radar Modernization,UAV,Machining,Electronics Install,Navigation Board,Delta Circuits,M-21,Operational,Pass,None,53,41,0.42,23,No,Yes,4.7,36.0,10.8,0.96,5.3,0.97,4,41,8862,Yes,No,No,25,Controlled,33.9,27.1,Low,0.53,19,Nominal,Moderate,False,28.9
WO-10104,Radar Modernization,Radar System,Surface Treatment,Quality Inspection,Sensor Mount,Orion Plating,M-10,Operational,Pass,None,106,69,0.23,31,Yes,Yes,19.0,12.9,14.9,0.77,19.2,0.91,4,19,66029,Yes,Yes,Yes,33,Controlled,43.8,35.0,Moderate,0.75,22,Supply Chain Constraint,Moderate,False,37.6
WO-10105,Avionics Retrofit,Radar System,Surface Treatment,Final Assembly,Radar Housing,Vector Metals,M-09,Operational,Pass,None,127,44,0.2,43,No,No,11.0,19.7,17.3,0.84,13.4,0.94,2,15,40343,No,No,Yes,12,Controlled,19.5,7.8,Low,0.49,9,Nominal,Routine,False,14.4
WO-10106,Mission Systems Upgrade,Sensor Package,Surface Treatment,Subsystem Integration,Navigation Board,Orion Plating,M-11,Operational,Pass,None,87,53,0.16,43,No,No,24.6,23.0,14.1,0.94,17.5,0.93,4,4,5141,Yes,Yes,No,17,Controlled,18.6,14.9,Low,0.71,12,Nominal,Routine,False,17.3
WO-10107,Avionics Retrofit,UAV,Inspection,CNC Machining,Navigation Board,Vector Metals,M-17,Operational,Rework,Electrical,135,59,0.41,10,No,Yes,9.6,35.0,16.0,0.87,16.2,0.78,4,4,7779,Yes,Yes,No,34,Elevated,45.2,41.6,Moderate,0.71,23,Yield Loss,Moderate,False,39.6
WO-10108,Radar Modernization,Sensor Package,Systems Integration,CNC Machining,Sensor Mount,Delta Circuits,M-12,Operational,Inspection Hold,Foreign Object Debris,22,41,0.56,35,No,No,27.9,3.8,9.4,0.7,7.6,0.86,3,14,15153,No,No,No,67,Controlled,74.7,44.8,High,0.35,56,Quality / Inspection,Moderate,False,66.8
WO-10109,Mission Systems Upgrade,UAV,Surface Treatment,Material Prep,Sensor Mount,Orion Plating,M-02,Operational,Pass,None,78,74,0.2,11,No,No,17.1,14.2,18.4,0.78,10.9,0.9,1,11,65447,Yes,No,Yes,20,Controlled,26.8,5.4,Low,0.67,14,Nominal,Routine,False,20.5
WO-10110,Ground Sensor Platform,UAV,Avionics Assembly,Subsystem Integration,Actuator Assembly,Summit Electronics,M-07,Degraded,Pass,None,5,28,0.87,43,Yes,Yes,3.5,30.9,6.3,0.83,8.5,0.93,5,40,37945,Yes,No,Yes,70,Controlled,92.3,92.3,High,0.57,52,Supply Chain Constraint,Critical,True,82.3
WO-10111,Tactical UAV Production,Radar System,Surface Treatment,Electronics Install,Radar Housing,Summit Electronics,M-03,Degraded,Inspection Hold,Coating Defect,128,63,0.31,19,No,No,14.0,12.4,7.8,0.81,9.8,0.81,5,39,17868,Yes,No,No,54,Controlled,45.3,45.3,Moderate,0.53,41,Quality / Inspection,High,False,49.2
WO-10112,Ground Sensor Platform,Ground Vehicle,Inspection,CNC Machining,Power Unit,AeroForge,M-03,Operational,Pass,None,13,33,0.07,59,No,Yes,17.4,27.5,8.9,0.7,21.9,0.92,5,13,31236,Yes,No,Yes,41,Controlled,49.5,49.5,Moderate,0.67,29,Material Shortage,High,False,45.7
WO-10113,Ground Sensor Platform,Sensor Package,Systems Integration,Electronics Install,Navigation Board,Vector Metals,M-19,Operational,Rework,Dimensional,102,52,0.43,52,No,No,27.3,15.6,12.5,0.79,3.7,0.86,2,44,40753,Yes,No,Yes,28,Controlled,36.6,14.6,Moderate,0.67,20,Nominal,Routine,False,29.4
WO-10114,Ground Sensor Platform,Sensor Package,Inspection,Final Assembly,Radar Housing,AeroForge,M-21,Operational,Pass,None,24,28,0.33,51,No,No,20.7,21.5,8.1,0.9,29.1,0.84,4,11,50665,Yes,No,No,34,Controlled,50.2,40.2,Moderate,0.53,26,Material Shortage,Moderate,False,41.4
WO-10115,Tactical UAV Production,Radar System,Inspection,Quality Inspection,Power Unit,Vector Metals,M-12,Operational,Pass,None,15,27,0.21,51,No,No,20.7,23.5,17.7,0.87,20.8,0.84,3,35,9836,Yes,No,No,31,Controlled,47.2,28.3,Moderate,0.53,24,Material Shortage,Moderate,False,37.1
WO-10116,Radar Modernization,UAV,Machining,Electronics Install,Power Unit,Delta Circuits,M-06,Degraded,Pass,None,171,66,0.43,57,No,No,24.5,26.3,12.2,0.82,1.5,0.86,3,18,16494,Yes,No,Yes,27,Controlled,34.6,20.8,Low,0.67,19,Nominal,Routine,False,29.1
WO-10117,Mission Systems Upgrade,UAV,Machining,CNC Machining,Flight Control Bracket,AeroForge,M-19,Operational,Pass,None,159,63,0.54,36,No,No,12.5,2.8,20.4,0.97,5.7,0.92,1,29,17851,No,No,Yes,14,Controlled,31.0,6.2,Low,0.49,11,Nominal,Routine,False,19.6
WO-10118,Mission Systems Upgrade,Ground Vehicle,Avionics Assembly,Final Assembly,Actuator Assembly,Delta Circuits,M-20,Down,Rework,Foreign Object Debris,14,57,0.67,56,No,No,12.9,5.2,3.5,0.75,13.9,0.82,1,12,68814,Yes,Yes,Yes,91,Controlled,94.9,19.0,High,0.85,56,Machine Downtime,Routine,True,81.8
WO-10119,Avionics Retrofit,Sensor Package,Machining,Quality Inspection,Flight Control Bracket,Summit Electronics,M-10,Down,Pass,None,32,27,0.56,54,No,No,18.6,25.2,1.8,0.99,6.3,0.95,1,18,26414,Yes,No,Yes,57,Controlled,54.0,10.8,Moderate,0.67,40,Machine Downtime,Routine,True,48.9
WO-10120,Tactical UAV Production,Avionics Kit,Systems Integration,CNC Machining,Guidance Module,Northline Components,M-21,Down,Pass,None,74,47,0.44,14,No,No,15.0,23.5,21.0,0.73,13.1,0.82,2,14,21015,Yes,No,Yes,63,Controlled,57.5,23.0,Moderate,0.67,44,Machine Downtime,Routine,True,54.8
WO-10121,Radar Modernization,Ground Vehicle,Surface Treatment,Quality Inspection,Power Unit,Delta Circuits,M-10,Operational,Rework,Electrical,139,29,0.43,9,Yes,No,21.5,29.9,12.7,0.9,15.1,0.93,5,42,11365,No,Yes,No,37,Controlled,42.6,42.6,Moderate,0.43,30,Supply Chain Constraint,Moderate,False,40.1
WO-10122,Ground Sensor Platform,UAV,Inspection,Surface Finish,Radar Housing,Northline Components,M-11,Operational,Pass,None,42,33,0.23,9,No,No,19.0,5.4,7.6,0.96,11.8,0.8,3,42,70831,No,Yes,Yes,16,Controlled,25.8,15.5,Low,0.67,11,Yield Loss,Routine,False,19.8
WO-10123,Ground Sensor Platform,Sensor Package,Systems Integration,Electronics Install,Radar Housing,AeroForge,M-04,Operational,Pass,None,153,36,0.65,7,No,No,14.8,28.1,7.1,0.79,5.2,0.95,2,26,62172,No,No,No,19,Controlled,33.8,13.5,Low,0.35,16,Nominal,Routine,False,24.1
WO-10124,Avionics Retrofit,Avionics Kit,Final Assembly,Acceptance Test,Power Unit,AeroForge,M-10,Operational,Pass,None,68,42,0.36,41,Yes,No,25.1,23.1,12.2,0.73,8.6,0.85,2,13,62162,Yes,No,No,33,Controlled,46.0,18.4,Moderate,0.43,27,Supply Chain Constraint,Routine,False,36.0
WO-10125,Radar Modernization,Avionics Kit,Inspection,Surface Finish,Flight Control Bracket,Orion Plating,M-21,Operational,Pass,None,175,64,0.32,14,No,No,23.2,27.1,10.8,0.96,17.9,0.83,5,25,10180,Yes,No,Yes,12,Controlled,21.7,21.7,Low,0.67,8,Nominal,Routine,False,17.3
WO-10126,Avionics Retrofit,Radar System,Machining,CNC Machining,Sensor Mount,Northline Components,M-19,Down,Pass,None,117,28,0.42,26,No,No,12.4,17.5,13.4,0.86,5.2,0.95,3,32,56559,Yes,No,No,53,Controlled,45.5,27.3,Moderate,0.53,40,Machine Downtime,Moderate,True,46.1
WO-10127,Tactical UAV Production,Ground Vehicle,Surface Treatment,Quality Inspection,Flight Control Bracket,Orion Plating,M-18,Operational,Pass,None,142,58,0.23,31,No,No,24.8,35.5,19.4,0.79,17.1,0.79,3,42,31014,No,No,Yes,15,Controlled,25.6,15.4,Low,0.49,12,Yield Loss,Routine,False,19.3
WO-10128,Ground Sensor Platform,Avionics Kit,Inspection,Subsystem Integration,Actuator Assembly,AeroForge,M-11,Operational,Pass,None,62,36,0.12,35,No,Yes,8.5,5.9,19.1,0.76,20.1,0.92,4,19,3380,Yes,No,No,27,Controlled,29.5,23.6,Low,0.53,21,Nominal,Routine,False,27.5
WO-10129,Ground Sensor Platform,Ground Vehicle,Inspection,Electronics Install,Guidance Module,Delta Circuits,M-18,Operational,Pass,None,61,31,0.21,33,Yes,Yes,16.4,12.7,7.1,0.83,13.6,0.83,5,13,53735,Yes,Yes,No,35,Controlled,45.7,45.7,Moderate,0.61,25,Supply Chain Constraint,High,False,40.9
WO-10130,Radar Modernization,Sensor Package,Inspection,Final Assembly,Flight Control Bracket,Vector Metals,M-19,Operational,Pass,None,148,34,0.25,59,Yes,No,23.8,3.8,19.6,0.92,27.4,0.86,1,25,51376,Yes,No,No,23,Controlled,39.0,7.8,Moderate,0.43,19,Supply Chain Constraint,Routine,False,27.1
WO-10131,Avionics Retrofit,Radar System,Inspection,Material Prep,Radar Housing,Northline Components,M-22,Operational,Pass,None,21,58,0.39,49,Yes,No,25.1,2.7,17.0,0.8,23.0,0.82,5,7,21331,Yes,Yes,Yes,46,Controlled,65.5,65.5,High,0.75,30,Supply Chain Constraint,High,False,56.7
WO-10132,Radar Modernization,Radar System,Machining,Surface Finish,Guidance Module,Orion Plating,M-16,Degraded,Pass,None,136,51,0.61,29,No,Yes,21.2,35.6,18.9,0.88,6.6,0.89,2,25,51762,No,No,Yes,36,Controlled,50.3,20.1,Moderate,0.49,28,Nominal,Routine,False,39.3
WO-10133,Avionics Retrofit,Ground Vehicle,Inspection,Subsystem Integration,Radar Housing,Delta Circuits,M-06,Operational,Pass,None,110,61,0.12,54,Yes,No,20.0,2.4,2.1,0.86,15.7,0.84,1,13,34008,No,Yes,Yes,21,Controlled,35.5,7.1,Moderate,0.57,16,Supply Chain Constraint,Routine,False,24.7
WO-10134,Mission Systems Upgrade,Avionics Kit,Surface Treatment,Acceptance Test,Navigation Board,Summit Electronics,M-17,Operational,Pass,None,50,35,0.51,33,Yes,No,14.0,29.9,15.5,0.91,14.4,0.83,4,24,29449,Yes,No,Yes,31,Controlled,46.2,37.0,Moderate,0.57,23,Supply Chain Constraint,Moderate,False,38.0
WO-10135,Ground Sensor Platform,Radar System,Avionics Assembly,Final Assembly,Guidance Module,Vector Metals,M-14,Operational,Pass,None,113,28,0.81,44,No,No,23.2,12.2,17.0,0.94,11.6,0.87,2,11,56714,Yes,Yes,Yes,20,Controlled,41.0,16.4,Moderate,0.85,12,Supply Chain Constraint,Routine,False,27.9
WO-10136,Avionics Retrofit,UAV,Inspection,Electronics Install,Sensor Mount,Summit Electronics,M-03,Operational,Pass,None,125,52,0.42,17,No,No,2.5,9.7,3.9,0.76,15.5,0.8,1,16,40855,Yes,Yes,Yes,18,Controlled,34.5,6.9,Low,0.85,11,Yield Loss,Routine,False,22.9
WO-10137,Radar Modernization,Radar System,Machining,Electronics Install,Power Unit,Delta Circuits,M-06,Operational,Pass,None,96,72,0.16,43,Yes,No,18.1,22.4,21.7,0.74,9.8,0.87,1,39,47672,Yes,Yes,No,24,Controlled,37.1,7.4,Moderate,0.61,17,Supply Chain Constraint,Routine,False,26.8
WO-10138,Avionics Retrofit,Avionics Kit,Systems Integration,Electronics Install,Sensor Mount,Orion Plating,M-15,Down,Pass,None,114,27,0.8,26,No,Yes,15.9,24.6,10.9,0.69,5.9,0.95,3,39,4999,No,No,Yes,70,Controlled,70.0,42.0,High,0.49,55,Machine Downtime,Moderate,True,65.8
WO-10139,Tactical UAV Production,Sensor Package,Systems Integration,Subsystem Integration,Radar Housing,Delta Circuits,M-14,Operational,Pass,None,81,54,0.47,23,No,Yes,16.6,31.9,15.2,0.79,7.1,0.83,4,41,20235,Yes,No,Yes,30,Controlled,42.7,34.2,Moderate,0.67,21,Nominal,Moderate,False,35.7
WO-10140,Tactical UAV Production,Sensor Package,Final Assembly,Surface Finish,Actuator Assembly,Vector Metals,M-03,Degraded,Rework,Coating Defect,65,26,0.68,57,Yes,No,5.8,33.0,12.1,0.7,4.9,0.82,2,13,51878,No,No,Yes,63,Controlled,71.3,28.5,High,0.39,52,Supply Chain Constraint,Moderate,False,61.1
WO-10141,Mission Systems Upgrade,UAV,Avionics Assembly,Surface Finish,Navigation Board,Northline Components,M-08,Operational,Pass,None,64,32,0.46,36,No,No,5.3,33.6,11.9,0.91,11.5,0.91,2,33,46869,Yes,Yes,Yes,20,Controlled,31.2,12.5,Low,0.85,12,Nominal,Routine,False,23.4
WO-10142,Mission Systems Upgrade,UAV,Avionics Assembly,Material Prep,Actuator Assembly,Delta Circuits,M-12,Operational,Pass,None,16,71,0.72,13,No,No,10.0,20.2,13.0,0.81,11.5,0.83,5,44,57084,No,No,Yes,41,Controlled,62.3,62.3,Moderate,0.49,32,Material Shortage,High,False,52.7
WO-10143,Tactical UAV Production,UAV,Systems Integration,Electronics Install,Thermal Shield,Northline Components,M-14,Operational,Rework,Dimensional,66,28,0.7,19,No,No,20.2,10.8,16.0,0.92,3.5,0.87,2,21,19513,Yes,No,Yes,35,Controlled,46.6,18.6,Moderate,0.67,24,Nominal,Routine,False,37.2
WO-10144,Tactical UAV Production,Radar System,Final Assembly,Electronics Install,Guidance Module,Vector Metals,M-07,Degraded,Pass,None,5,55,0.41,30,Yes,Yes,8.0,35.5,16.0,0.79,3.1,0.85,4,27,48576,Yes,No,No,63,Controlled,81.7,65.4,High,0.43,51,Supply Chain Constraint,High,False,70.8
WO-10145,Radar Modernization,Sensor Package,Final Assembly,CNC Machining,Navigation Board,Delta Circuits,M-11,Operational,Pass,None,130,70,0.34,16,Yes,No,22.4,22.5,11.7,0.79,4.8,0.85,5,24,22067,Yes,Yes,Yes,24,Controlled,36.1,36.1,Moderate,0.75,16,Supply Chain Constraint,Moderate,False,30.7
WO-10146,Radar Modernization,UAV,Machining,Electronics Install,Navigation Board,Vector Metals,M-15,Degraded,Rework,Surface Finish,38,28,0.11,29,No,No,20.8,31.4,20.1,0.81,6.5,0.93,4,14,19807,Yes,No,No,41,Controlled,30.6,24.5,Low,0.53,31,Nominal,Routine,False,34.4
WO-10147,Avionics Retrofit,Radar System,Avionics Assembly,Acceptance Test,Guidance Module,Vector Metals,M-11,Operational,Rework,Surface Finish,152,70,0.87,14,No,No,14.1,2.7,3.2,0.79,6.3,0.83,5,42,71607,Yes,No,No,35,Controlled,47.6,47.6,Moderate,0.53,27,Supply Chain Constraint,High,False,41.9
WO-10148,Ground Sensor Platform,Ground Vehicle,Surface Treatment,Surface Finish,Actuator Assembly,Northline Components,M-11,Down,Rework,Dimensional,39,39,0.23,21,No,No,13.7,23.1,4.8,0.92,8.3,0.83,4,9,69091,Yes,Yes,Yes,66,Controlled,50.8,40.6,Moderate,0.85,41,Machine Downtime,Moderate,True,56.1
WO-10149,Radar Modernization,Radar System,Machining,Subsystem Integration,Flight Control Bracket,AeroForge,M-15,Down,Pass,None,132,31,0.6,28,Yes,Yes,20.8,27.6,18.8,0.74,8.0,0.89,1,15,45647,No,Yes,No,76,Controlled,81.6,16.3,High,0.43,61,Machine Downtime,Routine,True,69.3
WO-10150,Tactical UAV Production,UAV,Final Assembly,Quality Inspection,Radar Housing,Orion Plating,M-04,Operational,Pass,None,163,41,0.53,5,No,Yes,6.8,12.6,2.9,0.62,14.0,0.87,4,44,11230,Yes,No,Yes,30,Controlled,42.8,34.2,Moderate,0.67,21,Labor Constraint,Moderate,False,35.8
WO-10151,Radar Modernization,UAV,Avionics Assembly,Material Prep,Guidance Module,Northline Components,M-02,Operational,Rework,Coating Defect,60,74,0.75,14,No,No,3.0,31.3,9.0,0.68,9.6,0.95,4,34,21156,Yes,Yes,Yes,55,Controlled,68.0,54.4,High,0.85,34,Supply Chain Constraint,High,False,60.1
WO-10152,Mission Systems Upgrade,Sensor Package,Final Assembly,CNC Machining,Thermal Shield,AeroForge,M-04,Operational,Pass,None,58,34,0.21,18,No,No,12.1,20.4,3.4,0.65,14.2,0.93,3,16,69398,No,No,No,23,Controlled,24.6,14.8,Low,0.35,19,Labor Constraint,Routine,False,22.4
WO-10153,Tactical UAV Production,UAV,Avionics Assembly,CNC Machining,Radar Housing,Delta Circuits,M-03,Operational,Pass,None,120,42,0.77,58,No,Yes,21.4,13.4,1.8,0.76,7.3,0.84,4,25,61360,No,No,Yes,29,Controlled,49.0,39.2,Moderate,0.49,23,Supply Chain Constraint,Moderate,False,38.5
WO-10154,Ground Sensor Platform,Ground Vehicle,Systems Integration,CNC Machining,Flight Control Bracket,Northline Components,M-08,Operational,Rework,Coating Defect,94,36,0.56,11,Yes,Yes,5.4,34.4,7.3,0.75,7.2,0.95,5,26,54209,Yes,Yes,Yes,48,Controlled,57.1,57.1,Moderate,0.75,32,Supply Chain Constraint,High,False,53.0
WO-10155,Mission Systems Upgrade,Radar System,Inspection,Final Assembly,Power Unit,Summit Electronics,M-07,Degraded,Pass,None,92,50,0.16,35,No,Yes,22.9,4.6,7.8,0.86,10.9,0.74,1,32,24101,Yes,Yes,Yes,31,Controlled,43.5,8.7,Moderate,0.85,19,Yield Loss,Routine,False,32.7
WO-10156,Tactical UAV Production,Avionics Kit,Machining,Final Assembly,Flight Control Bracket,Summit Electronics,M-08,Down,Pass,None,30,40,0.45,37,No,No,23.3,17.9,12.4,0.81,1.9,0.93,3,4,4990,Yes,Yes,Yes,72,Elevated,72.4,50.0,High,0.85,44,Machine Downtime,High,True,68.9
WO-10157,Tactical UAV Production,Ground Vehicle,Inspection,Material Prep,Radar Housing,AeroForge,M-10,Operational,Rework,Surface Finish,119,61,0.28,35,No,No,21.7,18.4,11.3,0.71,28.9,0.78,3,21,21055,No,No,Yes,31,Controlled,36.0,21.6,Moderate,0.49,24,Yield Loss,Routine,False,31.6
WO-10158,Radar Modernization,UAV,Inspection,Electronics Install,Power Unit,Delta Circuits,M-02,Degraded,Pass,None,154,71,0.27,48,No,Yes,21.2,4.6,3.3,0.79,10.2,0.81,4,36,53806,No,No,No,33,Controlled,40.3,32.2,Moderate,0.35,28,Yield Loss,Moderate,False,35.8
WO-10159,Tactical UAV Production,Avionics Kit,Surface Treatment,Acceptance Test,Power Unit,Northline Components,M-06,Down,Pass,None,94,38,0.11,9,No,Yes,15.6,31.9,7.5,0.88,9.4,0.92,2,18,13926,Yes,No,Yes,54,Controlled,47.1,18.8,Moderate,0.67,38,Machine Downtime,Routine,True,46.0
WO-10160,Avionics Retrofit,Avionics Kit,Final Assembly,Final Assembly,Flight Control Bracket,Vector Metals,M-21,Operational,Rework,Dimensional,11,69,0.38,7,No,Yes,16.6,17.8,15.4,0.8,6.8,0.87,2,27,65120,Yes,Yes,No,53,Controlled,69.8,27.9,High,0.71,36,Material Shortage,Moderate,False,56.0
WO-10161,Radar Modernization,UAV,Inspection,Surface Finish,Sensor Mount,AeroForge,M-21,Operational,Rework,Electrical,165,67,0.12,25,No,Yes,25.8,16.9,21.1,0.78,27.3,0.9,3,30,42870,Yes,No,Yes,34,Controlled,35.6,21.4,Moderate,0.67,24,Nominal,Routine,False,32.8
WO-10162,Avionics Retrofit,UAV,Systems Integration,Surface Finish,Navigation Board,AeroForge,M-10,Down,Inspection Hold,Electrical,134,57,0.69,6,No,Yes,4.9,25.2,14.8,0.67,15.4,0.9,3,41,6117,No,No,Yes,102,Controlled,86.7,52.0,High,0.49,80,Machine Downtime,High,True,88.4
WO-10163,Mission Systems Upgrade,Sensor Package,Systems Integration,Material Prep,Thermal Shield,Northline Components,M-23,Operational,Pass,None,29,51,0.43,7,Yes,No,22.5,3.0,18.9,0.9,7.5,0.92,1,19,27574,Yes,Yes,No,43,Controlled,67.3,13.5,High,0.61,31,Supply Chain Constraint,Routine,False,48.3
WO-10164,Avionics Retrofit,Avionics Kit,Systems Integration,Quality Inspection,Power Unit,Delta Circuits,M-13,Down,Inspection Hold,Dimensional,87,37,0.3,13,No,Yes,2.2,21.9,6.9,0.7,2.6,0.87,3,7,66225,Yes,No,No,91,Elevated,72.3,49.9,High,0.53,69,Machine Downtime,High,True,77.4
WO-10165,Mission Systems Upgrade,Avionics Kit,Surface Treatment,Material Prep,Actuator Assembly,Orion Plating,M-13,Operational,Pass,None,10,26,0.6,39,No,No,2.5,28.7,10.7,0.95,4.1,0.83,4,33,56970,No,No,Yes,34,Controlled,57.0,45.6,Moderate,0.49,27,Material Shortage,High,False,44.9
WO-10166,Ground Sensor Platform,Avionics Kit,Avionics Assembly,Final Assembly,Sensor Mount,Northline Components,M-11,Operational,Pass,None,91,45,0.68,42,No,No,26.2,20.8,10.6,0.88,13.9,0.89,3,25,53248,No,No,No,19,Controlled,35.1,21.1,Moderate,0.35,16,Nominal,Routine,False,25.8
WO-10167,Ground Sensor Platform,Ground Vehicle,Avionics Assembly,Surface Finish,Power Unit,Summit Electronics,M-01,Degraded,Pass,None,102,55,0.43,36,No,No,12.2,30.9,10.0,0.84,3.0,0.9,5,43,54567,Yes,No,No,26,Controlled,29.6,29.6,Low,0.53,20,Nominal,Moderate,False,28.0
WO-10168,Avionics Retrofit,Radar System,Systems Integration,Subsystem Integration,Navigation Board,Northline Components,M-17,Down,Pass,None,50,73,0.8,54,No,Yes,16.1,27.8,12.2,0.9,3.8,0.88,4,36,39182,Yes,Yes,Yes,84,Controlled,93.6,74.9,High,0.85,52,Machine Downtime,Critical,True,86.5
WO-10169,Avionics Retrofit,Ground Vehicle,Machining,Material Prep,Navigation Board,AeroForge,M-01,Operational,Rework,Coating Defect,92,56,0.54,43,Yes,No,6.0,11.6,19.7,0.87,9.0,0.87,1,16,49863,Yes,No,Yes,38,Controlled,53.9,10.8,Moderate,0.57,28,Supply Chain Constraint,Routine,False,40.3
WO-10170,Avionics Retrofit,Avionics Kit,Machining,Quality Inspection,Power Unit,Delta Circuits,M-08,Operational,Rework,Electrical,56,39,0.54,56,No,No,15.4,25.9,11.8,0.97,2.7,0.98,3,16,61383,No,No,No,31,Controlled,35.2,21.1,Moderate,0.35,26,Nominal,Routine,False,31.2
WO-10171,Tactical UAV Production,Sensor Package,Machining,Acceptance Test,Guidance Module,Delta Circuits,M-08,Operational,Pass,None,57,41,0.31,12,Yes,No,3.9,27.8,17.7,0.83,7.5,0.97,5,40,60551,Yes,No,No,29,Controlled,33.9,33.9,Low,0.43,23,Supply Chain Constraint,Moderate,False,31.7
WO-10172,Avionics Retrofit,Avionics Kit,Surface Treatment,Material Prep,Flight Control Bracket,Delta Circuits,M-19,Operational,Pass,None,53,27,0.6,36,No,No,13.4,11.0,4.2,0.88,7.5,0.94,5,35,2790,Yes,Yes,Yes,23,Controlled,30.6,30.6,Low,0.85,14,Nominal,Moderate,False,27.2
WO-10173,Radar Modernization,Sensor Package,Surface Treatment,Electronics Install,Flight Control Bracket,Northline Components,M-15,Degraded,Pass,None,174,55,0.45,29,Yes,Yes,27.1,22.8,7.2,0.86,17.4,0.89,2,17,43147,No,No,Yes,46,Controlled,60.0,24.0,Moderate,0.39,38,Supply Chain Constraint,Routine,False,48.3
WO-10174,Radar Modernization,UAV,Surface Treatment,Final Assembly,Navigation Board,Northline Components,M-14,Operational,Pass,None,92,54,0.13,36,Yes,No,15.9,10.7,2.1,0.95,6.8,0.79,5,31,57301,Yes,Yes,Yes,17,Controlled,29.3,29.3,Low,0.75,11,Supply Chain Constraint,Moderate,False,23.8
WO-10175,Radar Modernization,Avionics Kit,Systems Integration,CNC Machining,Navigation Board,Delta Circuits,M-13,Operational,Rework,Foreign Object Debris,42,68,0.35,9,No,No,3.5,8.4,20.1,0.91,12.9,0.86,2,20,27125,Yes,Yes,Yes,44,Controlled,58.5,23.4,Moderate,0.85,27,Material Shortage,Routine,False,46.7
WO-10176,Radar Modernization,Avionics Kit,Surface Treatment,Subsystem Integration,Actuator Assembly,Delta Circuits,M-01,Degraded,Pass,None,68,64,0.26,53,No,Yes,3.4,26.8,5.0,0.86,11.8,0.81,4,6,45609,No,No,Yes,38,Controlled,42.8,34.2,Moderate,0.49,30,Yield Loss,Moderate,False,39.4
WO-10177,Radar Modernization,Radar System,Machining,Subsystem Integration,Power Unit,AeroForge,M-19,Degraded,Pass,None,105,74,0.26,28,Yes,Yes,13.2,31.9,6.5,0.88,7.2,0.85,1,9,50407,No,Yes,No,40,Controlled,55.0,11.0,Moderate,0.43,32,Supply Chain Constraint,Routine,False,41.6
WO-10178,Tactical UAV Production,Sensor Package,Final Assembly,Acceptance Test,Navigation Board,Northline Components,M-18,Degraded,Inspection Hold,Surface Finish,171,66,0.6,27,No,No,18.6,19.0,18.9,0.73,12.8,0.94,5,38,72236,Yes,No,No,64,Controlled,53.2,53.2,Moderate,0.53,49,Quality / Inspection,High,False,58.1
WO-10179,Mission Systems Upgrade,Ground Vehicle,Inspection,Subsystem Integration,Actuator Assembly,Northline Components,M-21,Degraded,Inspection Hold,Surface Finish,35,36,0.34,19,No,No,7.5,7.6,19.1,0.84,11.8,0.86,2,13,64929,Yes,Yes,Yes,74,Controlled,74.8,29.9,High,0.85,46,Quality / Inspection,Moderate,False,67.7
WO-10180,Mission Systems Upgrade,Sensor Package,Final Assembly,Electronics Install,Guidance Module,Orion Plating,M-15,Operational,Pass,None,90,49,0.35,19,No,Yes,27.7,12.4,3.3,0.67,3.7,0.94,5,24,18633,No,No,No,26,Controlled,32.3,32.3,Low,0.35,22,Labor Constraint,Moderate,False,29.5
WO-10181,Avionics Retrofit,Sensor Package,Machining,Quality Inspection,Thermal Shield,Vector Metals,M-19,Operational,Inspection Hold,Surface Finish,97,60,0.14,49,No,Yes,23.7,33.7,6.1,0.87,9.4,0.97,4,25,11771,Yes,No,Yes,44,Controlled,37.6,30.1,Moderate,0.67,31,Quality / Inspection,Moderate,False,39.4
WO-10182,Tactical UAV Production,UAV,Systems Integration,Final Assembly,Guidance Module,AeroForge,M-13,Operational,Pass,None,105,57,0.72,40,Yes,Yes,7.4,11.9,5.2,0.66,4.5,0.92,3,36,48144,No,No,Yes,42,Controlled,61.7,37.0,Moderate,0.39,35,Supply Chain Constraint,Moderate,False,49.1
WO-10183,Mission Systems Upgrade,Ground Vehicle,Surface Treatment,CNC Machining,Radar Housing,Orion Plating,M-10,Operational,Pass,None,188,46,0.24,12,No,No,18.3,19.8,2.1,0.93,12.7,0.83,4,8,26268,No,No,Yes,11,Controlled,20.8,16.6,Low,0.49,9,Nominal,Routine,False,15.8
WO-10184,Ground Sensor Platform,Ground Vehicle,Systems Integration,Subsystem Integration,Sensor Mount,Delta Circuits,M-07,Operational,Pass,None,136,59,0.27,46,No,No,18.7,23.8,14.0,0.93,10.1,0.93,4,29,53645,Yes,Yes,Yes,11,Controlled,18.0,14.4,Low,0.85,7,Nominal,Routine,False,14.3
WO-10185,Mission Systems Upgrade,Radar System,Systems Integration,Final Assembly,Sensor Mount,Vector Metals,M-14,Operational,Pass,None,75,65,0.51,41,Yes,No,2.7,24.7,8.5,0.93,7.2,0.9,4,3,21160,Yes,Yes,Yes,30,Elevated,43.2,39.7,Moderate,0.75,20,Supply Chain Constraint,Moderate,False,36.7
WO-10186,Tactical UAV Production,UAV,Machining,Final Assembly,Radar Housing,Northline Components,M-23,Operational,Pass,None,43,25,0.62,12,No,No,25.8,26.0,11.0,0.99,1.4,0.98,1,6,64080,No,Yes,Yes,19,Controlled,33.5,6.7,Low,0.67,13,Nominal,Routine,False,23.0
WO-10187,Avionics Retrofit,Ground Vehicle,Systems Integration,Quality Inspection,Power Unit,Summit Electronics,M-22,Operational,Pass,None,142,40,0.49,52,Yes,Yes,23.1,25.7,12.4,0.76,12.7,0.94,1,22,66389,Yes,No,Yes,36,Controlled,55.2,11.0,Moderate,0.57,27,Supply Chain Constraint,Routine,False,39.9
WO-10188,Mission Systems Upgrade,Avionics Kit,Avionics Assembly,Surface Finish,Sensor Mount,Northline Components,M-10,Operational,Pass,None,79,50,0.68,26,No,Yes,24.5,13.1,20.4,0.74,10.3,0.89,4,34,62576,Yes,No,Yes,36,Controlled,49.0,39.2,Moderate,0.67,25,Nominal,Moderate,False,41.7
WO-10189,Radar Modernization,Ground Vehicle,Avionics Assembly,Quality Inspection,Radar Housing,Northline Components,M-12,Operational,Pass,None,87,42,0.74,27,Yes,Yes,6.8,7.7,14.0,0.73,14.5,0.83,3,34,9107,No,Yes,Yes,47,Controlled,68.1,40.9,High,0.57,35,Supply Chain Constraint,Moderate,False,54.5
WO-10190,Mission Systems Upgrade,Sensor Package,Surface Treatment,Quality Inspection,Radar Housing,AeroForge,M-02,Down,Scrap Risk,Foreign Object Debris,114,31,0.15,57,No,Yes,5.4,25.3,7.1,0.84,5.4,0.86,4,9,16180,Yes,No,Yes,94,Elevated,69.2,63.7,High,0.55,71,Machine Downtime,High,True,79.5
WO-10191,Avionics Retrofit,Sensor Package,Inspection,CNC Machining,Power Unit,AeroForge,M-15,Operational,Pass,None,42,57,0.25,12,No,Yes,13.5,21.3,6.3,0.8,11.4,0.76,1,22,7084,No,No,Yes,40,Controlled,64.9,13.0,Moderate,0.49,31,Material Shortage,Routine,False,45.9
WO-10192,Mission Systems Upgrade,Avionics Kit,Inspection,Surface Finish,Radar Housing,Delta Circuits,M-06,Operational,Pass,None,7,67,0.19,29,Yes,No,11.3,30.8,6.4,0.85,13.7,0.82,4,9,32105,Yes,Yes,Yes,41,Controlled,59.4,47.5,Moderate,0.75,27,Supply Chain Constraint,High,False,49.3
WO-10193,Avionics Retrofit,UAV,Systems Integration,Electronics Install,Power Unit,Delta Circuits,M-13,Operational,Inspection Hold,Dimensional,155,47,0.3,22,Yes,Yes,10.2,32.6,17.8,0.92,12.4,0.92,4,28,37302,No,No,Yes,58,Controlled,58.9,47.1,Moderate,0.39,48,Quality / Inspection,High,False,56.7
WO-10194,Radar Modernization,Ground Vehicle,Final Assembly,Final Assembly,Radar Housing,AeroForge,M-10,Operational,Pass,None,156,67,0.41,7,No,No,5.5,33.4,11.4,0.68,5.9,0.86,5,17,29087,No,No,Yes,19,Controlled,26.7,26.7,Low,0.49,15,Nominal,Moderate,False,23.2
WO-10195,Avionics Retrofit,Ground Vehicle,Machining,Quality Inspection,Thermal Shield,Delta Circuits,M-20,Operational,Pass,None,62,72,0.32,28,No,No,6.2,21.5,3.9,0.94,3.5,0.94,5,37,68481,Yes,Yes,Yes,30,Controlled,42.8,42.8,Moderate,0.85,19,Material Shortage,Moderate,False,37.0
WO-10196,Mission Systems Upgrade,UAV,Systems Integration,Material Prep,Radar Housing,Orion Plating,M-10,Operational,Pass,None,85,53,0.34,56,No,Yes,21.0,11.8,12.6,0.92,10.6,0.91,3,9,7810,Yes,Yes,No,25,Controlled,35.6,21.4,Moderate,0.71,17,Nominal,Routine,False,28.7
WO-10197,Tactical UAV Production,UAV,Machining,CNC Machining,Guidance Module,Delta Circuits,M-05,Degraded,Rework,Electrical,114,41,0.6,42,No,No,16.6,11.7,20.1,0.75,7.4,0.94,3,41,37979,Yes,No,No,44,Controlled,45.2,27.1,Moderate,0.53,34,Nominal,Moderate,False,41.9
WO-10198,Avionics Retrofit,Radar System,Systems Integration,Final Assembly,Flight Control Bracket,Delta Circuits,M-20,Degraded,Pass,None,114,73,0.54,22,No,No,25.1,14.5,21.9,0.69,10.3,0.89,3,36,39934,No,No,Yes,34,Controlled,40.0,24.0,Moderate,0.49,27,Nominal,Routine,False,34.9
WO-10199,Mission Systems Upgrade,UAV,Final Assembly,Subsystem Integration,Flight Control Bracket,AeroForge,M-03,Degraded,Pass,None,98,62,0.64,44,No,No,2.9,14.4,11.2,0.68,3.4,0.92,4,21,8112,Yes,No,Yes,34,Controlled,39.9,31.9,Moderate,0.67,24,Nominal,Moderate,False,36.0
WO-10200,Avionics Retrofit,Sensor Package,Systems Integration,Subsystem Integration,Radar Housing,AeroForge,M-10,Operational,Pass,None,172,58,0.37,29,No,Yes,24.4,14.9,14.6,0.72,2.3,0.88,2,25,48840,No,No,No,23,Controlled,37.7,15.1,Moderate,0.35,19,Nominal,Routine,False,27.7
WO-10201,Avionics Retrofit,Sensor Package,Final Assembly,Final Assembly,Guidance Module,Northline Components,M-08,Down,Pass,None,118,71,0.69,40,No,Yes,20.2,18.0,20.3,0.84,4.2,0.84,1,5,71211,Yes,No,Yes,64,Elevated,70.9,16.3,High,0.67,45,Machine Downtime,Routine,True,59.6
WO-10202,Mission Systems Upgrade,Radar System,Systems Integration,Acceptance Test,Power Unit,Summit Electronics,M-03,Degraded,Rework,Electrical,129,33,0.31,42,No,Yes,18.0,27.1,16.9,0.71,3.0,0.89,2,34,17180,No,Yes,Yes,47,Controlled,49.1,19.6,Moderate,0.67,33,Nominal,Routine,False,43.7
WO-10203,Avionics Retrofit,Ground Vehicle,Surface Treatment,Material Prep,Guidance Module,AeroForge,M-16,Operational,Pass,None,40,73,0.44,30,Yes,Yes,6.0,8.6,19.4,0.9,6.8,0.87,1,20,21044,No,Yes,No,50,Controlled,79.1,15.8,High,0.43,40,Supply Chain Constraint,Routine,False,56.5
WO-10204,Tactical UAV Production,Ground Vehicle,Systems Integration,CNC Machining,Sensor Mount,Vector Metals,M-19,Operational,Rework,Foreign Object Debris,165,56,0.72,41,No,No,15.2,26.1,6.9,0.9,2.3,0.85,4,36,22398,Yes,Yes,Yes,30,Controlled,42.0,33.6,Moderate,0.85,19,Nominal,Moderate,False,35.3
WO-10205,Ground Sensor Platform,UAV,Avionics Assembly,Final Assembly,Radar Housing,Northline Components,M-11,Down,Rework,Surface Finish,176,38,0.93,45,No,No,19.8,18.9,10.2,0.91,13.3,0.92,5,24,74873,Yes,No,No,72,Controlled,66.2,66.2,High,0.53,55,Machine Downtime,High,True,68.8
WO-10206,Mission Systems Upgrade,UAV,Surface Treatment,Subsystem Integration,Sensor Mount,Summit Electronics,M-20,Operational,Pass,None,113,60,0.1,58,No,Yes,25.3,6.5,20.2,0.8,19.9,0.88,2,11,8615,Yes,Yes,Yes,20,Controlled,29.6,11.8,Low,0.85,12,Nominal,Routine,False,22.6
WO-10207,Avionics Retrofit,Radar System,Final Assembly,Electronics Install,Guidance Module,Northline Components,M-23,Operational,Rework,Electrical,103,66,0.59,30,No,Yes,2.3,5.4,12.8,0.7,14.3,0.91,1,24,66261,Yes,No,Yes,41,Controlled,53.4,10.7,Moderate,0.67,29,Nominal,Routine,False,41.4
WO-10208,Ground Sensor Platform,Ground Vehicle,Avionics Assembly,Acceptance Test,Thermal Shield,Orion Plating,M-01,Operational,Pass,None,162,54,0.68,50,No,Yes,7.2,20.3,2.7,0.89,13.9,0.95,5,7,49402,Yes,Yes,No,26,Controlled,39.9,39.9,Moderate,0.71,18,Nominal,Moderate,False,33.6
WO-10209,Mission Systems Upgrade,Radar System,Surface Treatment,Material Prep,Navigation Board,AeroForge,M-19,Degraded,Pass,None,99,69,0.16,12,No,Yes,21.0,34.2,17.2,0.97,12.3,0.92,3,10,74986,No,Yes,No,28,Controlled,32.5,19.5,Low,0.53,21,Nominal,Routine,False,28.5
WO-10210,Mission Systems Upgrade,Avionics Kit,Avionics Assembly,Subsystem Integration,Flight Control Bracket,Orion Plating,M-12,Degraded,Rework,Dimensional,136,37,0.68,56,No,No,5.1,17.6,13.6,0.72,8.6,0.85,4,39,11114,Yes,Yes,Yes,46,Controlled,49.9,39.9,Moderate,0.85,28,Nominal,Moderate,False,46.6
WO-10211,Avionics Retrofit,Sensor Package,Surface Treatment,Quality Inspection,Guidance Module,Orion Plating,M-21,Operational,Pass,None,182,51,0.26,21,No,No,25.8,11.6,4.7,0.93,13.3,0.81,2,8,57621,Yes,No,Yes,11,Controlled,24.9,10.0,Low,0.67,8,Yield Loss,Routine,False,16.4
WO-10212,Ground Sensor Platform,UAV,Surface Treatment,Electronics Install,Thermal Shield,Vector Metals,M-04,Degraded,Pass,None,130,64,0.47,33,Yes,No,17.5,33.2,9.2,0.97,6.6,0.84,1,30,6290,No,Yes,Yes,35,Controlled,51.6,10.3,Moderate,0.57,26,Supply Chain Constraint,Routine,False,37.9
WO-10213,Avionics Retrofit,Avionics Kit,Systems Integration,Material Prep,Flight Control Bracket,AeroForge,M-16,Operational,Rework,Coating Defect,99,57,0.62,14,Yes,No,11.9,7.5,4.3,0.72,2.5,0.87,5,40,60546,Yes,No,Yes,42,Controlled,52.0,52.0,Moderate,0.57,31,Supply Chain Constraint,High,False,47.5
WO-10214,Radar Modernization,Radar System,Surface Treatment,Surface Finish,Flight Control Bracket,Vector Metals,M-07,Operational,Inspection Hold,Coating Defect,55,40,0.54,42,Yes,No,11.9,18.1,12.9,0.76,17.5,0.95,5,28,49871,No,No,Yes,69,Controlled,62.2,62.2,Moderate,0.39,57,Quality / Inspection,High,False,65.3
WO-10215,Ground Sensor Platform,Ground Vehicle,Avionics Assembly,Surface Finish,Radar Housing,Orion Plating,M-19,Operational,Pass,None,125,45,0.55,16,Yes,Yes,6.3,24.0,21.8,0.75,14.8,0.84,5,3,49472,Yes,No,Yes,37,Elevated,54.6,62.8,Moderate,0.57,28,Supply Chain Constraint,High,False,47.9
WO-10216,Mission Systems Upgrade,Radar System,Machining,Quality Inspection,Thermal Shield,Vector Metals,M-23,Operational,Pass,None,168,56,0.53,44,No,Yes,22.2,4.9,7.4,0.87,5.7,0.96,2,11,74719,Yes,Yes,Yes,22,Controlled,38.2,15.3,Moderate,0.85,14,Nominal,Routine,False,27.5
WO-10217,Tactical UAV Production,Ground Vehicle,Machining,CNC Machining,Thermal Shield,AeroForge,M-18,Operational,Pass,None,129,47,0.44,48,Yes,No,12.7,7.6,17.0,0.81,6.3,0.91,3,39,66113,Yes,Yes,Yes,26,Controlled,40.5,24.3,Moderate,0.75,17,Supply Chain Constraint,Routine,False,31.5
WO-10218,Mission Systems Upgrade,Radar System,Systems Integration,Subsystem Integration,Thermal Shield,Summit Electronics,M-06,Operational,Pass,None,105,45,0.71,55,No,No,20.8,24.8,6.3,0.81,14.3,0.87,5,28,49913,Yes,No,Yes,21,Controlled,34.6,34.6,Low,0.67,15,Nominal,Moderate,False,28.5
WO-10219,Avionics Retrofit,Avionics Kit,Final Assembly,Quality Inspection,Guidance Module,AeroForge,M-09,Operational,Pass,None,39,26,0.74,42,No,Yes,27.5,9.8,16.4,0.69,3.8,0.92,3,12,2618,No,Yes,No,37,Controlled,51.4,30.8,Moderate,0.53,28,Nominal,Moderate,False,41.8
WO-10220,Avionics Retrofit,Sensor Package,Machining,Electronics Install,Radar Housing,Vector Metals,M-17,Down,Pass,None,189,37,0.25,53,Yes,No,21.6,2.3,12.9,0.88,3.7,0.96,5,37,14299,Yes,No,Yes,59,Controlled,49.4,49.4,Moderate,0.57,44,Machine Downtime,High,True,53.7
WO-10221,Tactical UAV Production,Avionics Kit,Systems Integration,Electronics Install,Power Unit,AeroForge,M-16,Degraded,Rework,Coating Defect,130,72,0.84,51,No,No,15.1,32.9,14.7,0.91,5.8,0.89,5,33,4998,Yes,No,Yes,43,Controlled,49.2,49.2,Moderate,0.67,30,Supply Chain Constraint,High,False,46.4
WO-10222,Radar Modernization,Avionics Kit,Surface Treatment,Surface Finish,Radar Housing,Vector Metals,M-11,Down,Pass,None,120,57,0.43,59,No,Yes,24.3,8.6,3.7,0.99,17.8,0.83,1,31,54796,Yes,Yes,Yes,58,Controlled,61.7,12.3,Moderate,0.85,36,Machine Downtime,Routine,True,52.6
WO-10223,Avionics Retrofit,Ground Vehicle,Avionics Assembly,Electronics Install,Actuator Assembly,Northline Components,M-07,Degraded,Pass,None,44,62,0.89,40,Yes,No,24.1,12.6,5.5,0.75,6.5,0.87,4,16,41182,No,Yes,Yes,65,Controlled,87.7,70.2,High,0.57,48,Supply Chain Constraint,Critical,True,74.9
WO-10224,Tactical UAV Production,UAV,Surface Treatment,Acceptance Test,Guidance Module,Northline Components,M-05,Operational,Rework,Surface Finish,7,48,0.12,24,No,No,7.6,11.9,11.0,0.96,16.8,0.8,2,31,11522,Yes,No,No,40,Controlled,52.9,21.2,Moderate,0.53,30,Material Shortage,Routine,False,42.3
WO-10225,Mission Systems Upgrade,Ground Vehicle,Avionics Assembly,Electronics Install,Guidance Module,Delta Circuits,M-16,Degraded,Pass,None,80,47,0.4,29,No,No,10.8,31.6,7.1,0.72,7.0,0.81,3,38,22890,No,Yes,Yes,35,Controlled,40.0,24.0,Moderate,0.67,24,Yield Loss,Routine,False,35.4
WO-10226,Ground Sensor Platform,UAV,Surface Treatment,Final Assembly,Thermal Shield,Orion Plating,M-22,Operational,Pass,None,68,63,0.47,47,No,Yes,13.8,31.0,16.4,0.87,7.9,0.9,5,36,64453,Yes,No,Yes,28,Controlled,37.7,37.7,Moderate,0.67,20,Nominal,Moderate,False,33.3
WO-10227,Radar Modernization,Ground Vehicle,Inspection,Acceptance Test,Thermal Shield,Vector Metals,M-23,Operational,Pass,None,146,42,0.2,19,No,Yes,13.1,6.9,8.6,0.92,14.9,0.84,1,21,67835,Yes,Yes,Yes,17,Controlled,33.2,6.6,Low,0.85,10,Nominal,Routine,False,21.9
WO-10228,Avionics Retrofit,Radar System,Inspection,CNC Machining,Sensor Mount,Vector Metals,M-05,Operational,Rework,Dimensional,105,73,0.08,38,No,No,8.7,22.2,9.9,0.79,28.3,0.79,4,12,66643,No,No,Yes,25,Controlled,26.0,20.8,Low,0.49,19,Yield Loss,Routine,False,24.8
WO-10229,Mission Systems Upgrade,Radar System,Avionics Assembly,Quality Inspection,Power Unit,Delta Circuits,M-01,Degraded,Pass,None,46,43,0.39,20,Yes,No,18.0,31.4,3.8,0.74,9.9,0.86,1,23,61564,Yes,Yes,No,45,Controlled,54.5,10.9,Moderate,0.61,33,Supply Chain Constraint,Routine,False,43.7
WO-10230,Mission Systems Upgrade,Avionics Kit,Systems Integration,Acceptance Test,Flight Control Bracket,Northline Components,M-20,Degraded,Pass,None,98,66,0.51,32,Yes,No,16.8,8.5,16.0,0.84,8.4,0.82,1,21,71358,Yes,Yes,Yes,38,Controlled,54.9,11.0,Moderate,0.75,25,Supply Chain Constraint,Routine,False,40.7
WO-10231,Tactical UAV Production,Sensor Package,Final Assembly,Quality Inspection,Power Unit,Delta Circuits,M-16,Degraded,Pass,None,189,35,0.73,37,No,Yes,21.5,5.8,15.5,0.75,3.2,0.86,5,43,38904,Yes,Yes,Yes,40,Controlled,51.9,51.9,Moderate,0.85,25,Nominal,High,False,46.5
WO-10232,Avionics Retrofit,Sensor Package,Machining,Subsystem Integration,Sensor Mount,AeroForge,M-05,Operational,Rework,Surface Finish,63,48,0.55,58,No,No,13.3,21.3,12.1,0.91,5.6,0.97,4,30,33532,Yes,Yes,Yes,33,Controlled,35.4,28.3,Moderate,0.85,20,Nominal,Moderate,False,33.3
WO-10233,Mission Systems Upgrade,Ground Vehicle,Surface Treatment,Surface Finish,Actuator Assembly,Vector Metals,M-07,Operational,Pass,None,74,60,0.31,21,Yes,No,22.5,32.8,13.7,0.82,14.9,0.91,3,10,26585,No,Yes,Yes,31,Controlled,40.1,24.1,Moderate,0.57,23,Supply Chain Constraint,Routine,False,33.6
WO-10234,Mission Systems Upgrade,UAV,Systems Integration,Material Prep,Navigation Board,Vector Metals,M-10,Operational,Pass,None,132,46,0.49,5,Yes,No,5.6,28.1,5.6,0.86,14.9,0.84,2,39,8789,No,Yes,Yes,27,Controlled,46.2,18.5,Moderate,0.57,20,Supply Chain Constraint,Routine,False,33.4
WO-10235,Avionics Retrofit,Radar System,Surface Treatment,Final Assembly,Power Unit,AeroForge,M-21,Operational,Pass,None,178,63,0.43,55,No,Yes,13.5,23.2,10.4,0.81,15.1,0.88,1,32,40150,Yes,Yes,No,24,Controlled,41.2,8.2,Moderate,0.71,16,Nominal,Routine,False,28.5
WO-10236,Mission Systems Upgrade,Radar System,Inspection,Subsystem Integration,Guidance Module,Summit Electronics,M-14,Operational,Pass,None,70,42,0.39,12,Yes,No,12.2,36.0,6.1,0.78,18.8,0.77,5,31,52669,Yes,Yes,Yes,34,Controlled,45.6,45.6,Moderate,0.75,23,Supply Chain Constraint,High,False,40.4
WO-10237,Ground Sensor Platform,Sensor Package,Systems Integration,Electronics Install,Actuator Assembly,Delta Circuits,M-21,Degraded,Inspection Hold,Foreign Object Debris,38,32,0.59,44,No,Yes,19.7,8.6,4.0,0.79,8.2,0.96,5,16,7203,No,No,No,70,Controlled,61.6,61.6,Moderate,0.35,59,Quality / Inspection,High,False,65.4
WO-10238,Mission Systems Upgrade,Avionics Kit,Avionics Assembly,Electronics Install,Actuator Assembly,AeroForge,M-17,Degraded,Pass,None,56,58,0.55,31,Yes,No,20.6,11.0,17.0,0.86,13.2,0.84,3,29,49334,Yes,No,Yes,59,Controlled,78.8,47.3,High,0.57,44,Supply Chain Constraint,High,False,65.2
WO-10239,Tactical UAV Production,Radar System,Inspection,Final Assembly,Sensor Mount,AeroForge,M-06,Down,Pass,None,115,71,0.37,34,No,No,19.0,25.2,6.2,0.91,14.8,0.92,4,12,70525,No,Yes,Yes,51,Controlled,42.7,34.2,Moderate,0.67,36,Machine Downtime,Moderate,True,45.2
WO-10240,Radar Modernization,Radar System,Machining,CNC Machining,Actuator Assembly,AeroForge,M-02,Operational,Pass,None,94,35,0.11,17,No,Yes,2.8,22.7,14.3,0.74,3.9,0.96,5,27,32233,Yes,Yes,No,20,Controlled,22.5,22.5,Low,0.71,14,Nominal,Routine,False,21.4
WO-10241,Tactical UAV Production,Avionics Kit,Inspection,Final Assembly,Guidance Module,Northline Components,M-08,Operational,Inspection Hold,Electrical,50,40,0.18,38,Yes,No,4.7,1.2,19.0,0.9,17.1,0.84,4,16,18706,Yes,Yes,Yes,60,Controlled,53.9,43.1,Moderate,0.75,40,Quality / Inspection,Moderate,False,55.0
WO-10242,Radar Modernization,Radar System,Machining,Subsystem Integration,Actuator Assembly,Delta Circuits,M-18,Operational,Pass,None,178,27,0.34,40,No,No,12.5,9.2,12.4,0.78,7.5,0.87,4,5,23616,Yes,No,Yes,15,Controlled,24.0,19.2,Low,0.67,10,Nominal,Routine,False,19.2
WO-10243,Avionics Retrofit,Avionics Kit,Inspection,Surface Finish,Thermal Shield,Northline Components,M-21,Operational,Pass,None,64,56,0.29,48,No,No,2.7,1.3,19.0,0.71,20.5,0.84,3,12,16867,No,Yes,No,25,Controlled,30.8,18.5,Low,0.53,19,Nominal,Routine,False,26.3
WO-10244,Radar Modernization,Radar System,Inspection,CNC Machining,Guidance Module,Delta Circuits,M-13,Operational,Inspection Hold,Dimensional,78,32,0.14,59,No,Yes,27.5,8.9,10.1,0.86,12.4,0.88,3,14,6580,Yes,No,Yes,53,Controlled,47.2,28.3,Moderate,0.67,37,Quality / Inspection,Moderate,False,47.0
WO-10245,Avionics Retrofit,Sensor Package,Machining,CNC Machining,Navigation Board,Delta Circuits,M-10,Down,Pass,None,31,39,0.44,33,No,Yes,15.1,11.3,8.5,0.85,5.6,0.98,4,12,31389,Yes,Yes,No,79,Controlled,78.7,63.0,High,0.71,54,Machine Downtime,High,True,76.5
WO-10246,Avionics Retrofit,Ground Vehicle,Surface Treatment,Subsystem Integration,Sensor Mount,Vector Metals,M-09,Down,Pass,None,14,29,0.49,27,No,No,9.6,15.4,17.1,0.84,9.8,0.95,1,26,3582,No,No,No,73,Controlled,76.2,15.2,High,0.35,62,Machine Downtime,Routine,True,65.6
WO-10247,Ground Sensor Platform,Avionics Kit,Systems Integration,Surface Finish,Actuator Assembly,AeroForge,M-21,Degraded,Pass,None,118,35,0.35,29,No,No,23.8,7.0,14.0,0.87,17.0,0.84,1,41,15558,No,Yes,Yes,27,Controlled,36.4,7.3,Moderate,0.67,19,Nominal,Routine,False,27.8
WO-10248,Avionics Retrofit,Radar System,Surface Treatment,Material Prep,Sensor Mount,Delta Circuits,M-13,Operational,Rework,Foreign Object Debris,112,27,0.32,11,No,No,9.8,7.1,6.0,0.87,18.0,0.87,2,25,6515,Yes,Yes,No,26,Controlled,32.5,13.0,Low,0.71,18,Nominal,Routine,False,26.6
WO-10249,Tactical UAV Production,Ground Vehicle,Machining,Subsystem Integration,Flight Control Bracket,Orion Plating,M-22,Operational,Pass,None,64,66,0.59,47,No,Yes,19.1,4.1,11.2,0.78,1.6,0.84,3,20,26044,Yes,Yes,Yes,44,Controlled,69.5,41.7,High,0.85,27,Material Shortage,Moderate,False,53.9
